Fair Oak Tank,172.16.36.3
McLean PS,172.16.76.3
Backlick SP,172.16.33.3
Pohick PS,172.16.28.13
Fort Belvoir PS,172.16.45.3
McLean Lewinsvill Tank,172.16.77.3
Willston PS,172.16.70.3
Central Area Tank,172.16.33.23
Fairfax Circle PS,172.16.43.3
Pole Road Meter Vault,172.16.62.3
Williams Tank,172.16.101.3
Huntington Meter Vault,172.16.59.3
Tyson Route 7 Tank,172.16.85.3
Falls Hill Tank,172.16.73.3
Beulah PRV,172.16.52.3
Scott Run PS,172.16.78.3
Reston PS,172.16.49.3
South Kings PRV,172.16.57.3
Telegraph PS,172.16.65.3
Stenhouse PRV,172.16.29.3
Kidwell PS,172.16.30.3
Bull Run PRV,172.16.31.3
Poplar Tank,172.16.80.3
Kings Park PS,172.16.46.3
Rose Hill PRV,172.16.37.3
Southington PS / Reston PRV,172.16.64.3
Gum Springs PS,172.16.32.3
Penderwood 2nd Tank,172.16.41.3
Lyndhurst Tank,172.16.103.3
Pope Head PS,172.16.53.3
Tyson Corner PS,172.16.35.3
Chain Brlistge PS,172.16.66.3
Pohick Vault,172.16.28.3
George Mason PS,172.16.79.3
Franconia PRV,172.16.38.3
Buckley PRV,172.16.48.3
Oasis Meter Vault,172.16.61.3
Seven Corner Tank,172.16.71.3
Hospital Tank,172.16.39.3
Live Oak PS,172.16.67.3
Fox Mill PS,172.16.34.3
Chesterbrook PS,172.16.74.3
Beacon Hill Tank,172.16.40.3
Dunn Loring PS / Tank,172.16.82.3
Willston Tank,172.16.69.3
Fordson PS,172.16.44.3
Dale City PS,172.16.63.3
Dulles South Meter Vault,172.16.58.3
Prout Hill Tanks,172.16.72.3
North Chambliss Meter Vault,172.16.60.3
Wall Street PRV/Tank,172.16.104.3
GMU Tank,172.16.102.3
Fair Oak PS,172.16.42.3
Dalecarlia TP,172.16.68.3
Pole Road PRV,172.16.55.3
Lawyers PRV,172.16.54.3
Central Area Vault,172.16.33.13
Test3,172.16.33.3
Test3,172.16.33.3
Test2,172.16.76.3
testttt,172.16.35.3
Test3,172.16.33.3
Test2,172.16.76.3
test,172.16.33.13
testttt,172.16.35.3
Test3,172.16.33.3
Test2,172.16.76.3
test,172.16.33.13
testttt,172.16.35.3
testtt,172.16.79.3
Test3,172.16.33.3
Test2,172.16.76.3
testt,172.16.61.3
test,172.16.33.13
testttt,172.16.35.3
testtt,172.16.79.3
Test3,172.16.33.3
Test2,172.16.76.3
testt,172.16.61.3
testtttttttt,172.16.103.3
test,172.16.33.13
testttt,172.16.35.3
testtt,172.16.79.3
Test3,172.16.33.3
Test2,172.16.76.3
testt,172.16.61.3
testtttttttt,172.16.103.3
test,172.16.33.13
ttetst,172.16.72.3
testttt,172.16.35.3
testtt,172.16.79.3
Test3,172.16.33.3
Test2,172.16.76.3
testt,172.16.61.3
Test1,172.16.36.3
testtttttttt,172.16.103.3
test,172.16.33.13
ttetst,172.16.72.3
testttt,172.16.35.3
testtt,172.16.79.3
Test3,172.16.33.3
Test2,172.16.76.3
